SheetName,攻击源IP（互联网大区）
8月11日,监测
8月11日,
8月11日,27.47.0.42
8月11日,223.111.175.119
8月11日,101.67.49.192
8月11日,60.188.9.78
8月11日,172.70.233.29
8月11日,172.70.233.29
8月11日,23.90.250.178
8月11日,39.173.107.26
8月11日,60.188.10.154
8月11日,37.44.238.169
8月11日,204.93.154.215
8月11日,95.214.53.99
8月11日,60.188.9.86
8月11日,39.104.65.159
8月11日,141.101.86.156 
8月11日,220.250.10.180
8月11日,111.224.234.245
8月11日,182.32.28.119
8月11日,111.85.200.83
8月11日,101.67.50.28
8月11日,101.67.49.60
8月11日,220.198.240.122
8月11日,220.198.240.177
8月11日,39.173.107.107
8月11日,60.188.9.116
8月11日,39.173.105.180
8月11日,112.13.112.120
8月11日,101.67.29.195
8月11日,162.216.150.144
8月11日,85.209.40.39
8月11日,101.67.49.157
8月11日,101.67.49.153
8月11日,101.67.50.30
8月11日,101.67.49.242
8月11日,60.188.10.192
8月11日,101.67.49.188
8月11日,101.67.49.193
8月11日,112.0.52.34
8月11日,112.13.112.106
8月11日,101.67.49.43
8月11日,39.173.107.67
8月11日,60.188.10.195
8月11日,39.173.105.177
8月11日,125.87.95.79
8月11日,36.149.46.123
8月11日,59.152.190.21
8月11日,156.214.20.185
8月11日,140.255.149.123
8月11日,37.44.238.169
8月11日,66.135.28.83
8月11日,60.188.9.216
8月11日,180.98.18.155
8月11日,10.135.2.69
8月11日,60.188.9.216
8月11日,218.102.244.70
8月11日,95.214.53.99
8月11日,37.44.238.169
8月11日,60.188.11.64
8月11日,60.188.11.64
8月11日,178.62.0.171
8月11日,58.240.26.122
8月11日,60.188.9.214
8月11日,58.240.16.138
8月11日,60.188.10.236
8月11日,60.188.10.241
8月11日,58.240.16.138
8月11日,60.188.10.241
8月11日,60.188.10.236
8月11日,58.240.16.138
8月11日,101.67.49.199
8月11日,101.67.29.166
8月11日,37.44.238.169
8月11日,101.67.49.45
8月11日,112.13.112.176
8月11日,167.94.145.91
8月11日,101.67.49.45
8月11日,112.13.112.176
8月11日,39.173.107.245
8月11日,39.173.107.249
8月11日,60.188.11.118
8月11日,101.67.50.118
8月11日,117.136.35.94
8月11日,39.173.107.245
8月11日,101.67.50.118
8月11日,39.173.107.249
8月11日,60.188.11.118
8月11日,39.173.107.123
8月11日,39.173.107.123
8月11日,37.44.238.169
8月11日,39.173.107.98
8月11日,101.67.29.189
8月11日,39.173.107.98
8月11日,101.67.29.189
8月11日,37.44.238.169
8月11日,60.188.11.116
8月11日,60.188.11.116
8月11日,37.44.238.169
8月11日,37.44.238.169
8月11日,37.44.238.169
8月11日,37.44.238.169
8月11日,60.188.10.213
8月11日,60.188.9.195
8月11日,60.188.10.213
8月11日,60.188.9.195
8月11日,112.13.112.169
8月11日,112.13.112.169
8月11日,198.199.98.79
8月11日,198.199.94.8
8月11日,220.198.240.177
8月11日,60.188.10.12
8月11日,112.13.112.132
8月11日,27.47.0.42
8月11日,124.160.170.182
8月11日,116.179.37.124
8月11日,116.179.37.53
8月11日,116.179.37.237
8月11日,116.179.37.67
8月11日,116.179.37.83
8月11日,116.179.37.48
8月11日,116.179.37.107
8月11日,116.179.37.200
8月11日,116.179.37.56
8月11日,39.104.65.159
8月11日,115.194.107.73
8月11日,220.198.240.122
8月11日,180.111.71.46
8月11日,112.3.199.5
8月11日,113.24.224.156
8月11日,122.241.47.76
8月11日,101.67.50.30
8月11日,60.188.10.8
8月11日,60.188.11.27
8月11日,39.173.105.177
8月11日,156.214.20.185
8月11日,121.36.52.194
8月11日,109.237.98.226
8月11日,141.98.11.108
8月11日,null
8月11日,58.240.16.138
8月11日,58.240.26.122
8月11日,58.240.16.138
8月11日,58.240.26.122
8月11日,180.98.18.155
8月11日,180.98.18.155
8月11日,36.149.46.123
8月11日,192.241.212.36
8月11日,49.93.80.24
8月11日,36.149.174.123
8月11日,46.19.138.210
8月11日,45.95.146.26
8月11日,175.107.13.83
8月11日,192.241.212.36
8月11日,39.144.11.203
8月11日,49.93.80.24
8月11日,36.149.174.123
8月11日,162.243.137.14
8月11日,107.170.229.43
8月11日,221.226.218.78
8月11日,60.188.11.57
8月11日,60.188.9.79
8月11日,60.188.11.57
8月11日,60.188.9.79
8月11日,60.188.10.233
8月11日,101.67.49.237
8月11日,39.173.107.113
8月11日,60.188.10.233
8月11日,101.67.49.237
8月11日,101.67.49.237
8月11日,39.173.107.113
8月11日,60.188.9.218
8月11日,112.13.112.91
8月11日,37.44.238.169
8月11日,112.13.112.91
8月11日,60.188.9.218
8月11日,60.188.9.218
8月11日,37.44.238.169
8月11日,60.188.11.54
8月11日,112.13.112.19
8月11日,60.188.11.54
8月11日,112.13.112.19
8月11日,37.44.238.169
8月11日,171.120.24.131
8月11日,60.188.9.24
8月11日,60.188.9.26
8月11日,124.160.170.185
8月11日,124.160.170.187
8月11日,124.160.170.189
8月11日,60.188.9.25
8月11日,39.173.105.200
8月11日,60.188.9.27
8月11日,183.212.252.153
8月11日,37.44.238.169
8月11日,171.120.24.131
8月11日,60.188.9.26
8月11日,60.188.9.24
8月11日,124.160.170.185
8月11日,124.160.170.187
8月11日,124.160.170.189
8月11日,60.188.9.25
8月11日,60.188.9.26
8月11日,60.188.9.25
8月11日,60.188.9.27
8月11日,39.173.105.200
8月11日,124.160.170.189
8月11日,37.44.238.169
8月11日,13.212.194.205
8月11日,13.212.194.205
8月11日,101.67.50.120
8月11日,101.67.50.120
8月11日,37.44.238.169
8月11日,221.226.218.78
8月11日,37.44.238.169
8月11日,60.188.10.135
8月11日,60.188.10.20
8月11日,60.188.10.135
8月11日,60.188.10.20
8月11日,183.213.86.162
8月11日,35.203.211.199
8月11日,124.221.108.177
8月11日,183.213.180.145
